"Address","Occurrences","Meta Keywords 1","Meta Keywords 1 Length","Meta Keywords 2","Meta Keywords 2 Length","Indexability","Indexability Status"
"https://trainingdm2023.blogspot.com/","1","Artificial Intelligence, Machine Learning, Data Analytics, Personalization, Targeting, Optimization, Automation, Chatbots, Social Media, Customer Behavior, Marketing Campaigns, Search Engine Optimization, Email Marketing,Content Creation, Ad Placement, AI Marketing,Digital Marketing with AI, how AI being used in digital marketing, Is AI the future of Digital marketing, What is the benefits of AI in Digital Marketing, AI role in Digital Marketing, AI vs Ethics","463","","0","Indexable",""
"https://trainingdm2023.blogspot.com/p/contact.html","1","Artificial Intelligence, Machine Learning, Data Analytics, Personalization, Targeting, Optimization, Automation, Chatbots, Social Media, Customer Behavior, Marketing Campaigns, Search Engine Optimization, Email Marketing,Content Creation, Ad Placement, AI Marketing,Digital Marketing with AI, how AI being used in digital marketing, Is AI the future of Digital marketing, What is the benefits of AI in Digital Marketing, AI role in Digital Marketing, AI vs Ethics","463","","0","Indexable",""
"https://trainingdm2023.blogspot.com/2023/07/video-marketing-in-ai-with-digital.html","1","Artificial Intelligence, Machine Learning, Data Analytics, Personalization, Targeting, Optimization, Automation, Chatbots, Social Media, Customer Behavior, Marketing Campaigns, Search Engine Optimization, Email Marketing,Content Creation, Ad Placement, AI Marketing,Digital Marketing with AI, how AI being used in digital marketing, Is AI the future of Digital marketing, What is the benefits of AI in Digital Marketing, AI role in Digital Marketing, AI vs Ethics","463","","0","Indexable",""
"https://trainingdm2023.blogspot.com/p/about.html","1","Artificial Intelligence, Machine Learning, Data Analytics, Personalization, Targeting, Optimization, Automation, Chatbots, Social Media, Customer Behavior, Marketing Campaigns, Search Engine Optimization, Email Marketing,Content Creation, Ad Placement, AI Marketing,Digital Marketing with AI, how AI being used in digital marketing, Is AI the future of Digital marketing, What is the benefits of AI in Digital Marketing, AI role in Digital Marketing, AI vs Ethics","463","","0","Indexable",""
"https://trainingdm2023.blogspot.com/p/feedback.html","2","Artificial Intelligence, Machine Learning, Data Analytics, Personalization, Targeting, Optimization, Automation, Chatbots, Social Media, Customer Behavior, Marketing Campaigns, Search Engine Optimization, Email Marketing,Content Creation, Ad Placement, AI Marketing,Digital Marketing with AI, how AI being used in digital marketing, Is AI the future of Digital marketing, What is the benefits of AI in Digital Marketing, AI role in Digital Marketing, AI vs Ethics","463","contact us, AI blog, Digital marketing blog,Insights,guideance for digital marketing, contact information for AI blog","117","Indexable",""
"https://trainingdm2023.blogspot.com/2023/07/the-role-of-ai-in-figital-marketing.html","1","Artificial Intelligence, Machine Learning, Data Analytics, Personalization, Targeting, Optimization, Automation, Chatbots, Social Media, Customer Behavior, Marketing Campaigns, Search Engine Optimization, Email Marketing,Content Creation, Ad Placement, AI Marketing,Digital Marketing with AI, how AI being used in digital marketing, Is AI the future of Digital marketing, What is the benefits of AI in Digital Marketing, AI role in Digital Marketing, AI vs Ethics","463","","0","Indexable",""
"https://trainingdm2023.blogspot.com/2023/06/","1","Artificial Intelligence, Machine Learning, Data Analytics, Personalization, Targeting, Optimization, Automation, Chatbots, Social Media, Customer Behavior, Marketing Campaigns, Search Engine Optimization, Email Marketing,Content Creation, Ad Placement, AI Marketing,Digital Marketing with AI, how AI being used in digital marketing, Is AI the future of Digital marketing, What is the benefits of AI in Digital Marketing, AI role in Digital Marketing, AI vs Ethics","463","","0","Indexable",""
"https://trainingdm2023.blogspot.com/2023/04/","1","Artificial Intelligence, Machine Learning, Data Analytics, Personalization, Targeting, Optimization, Automation, Chatbots, Social Media, Customer Behavior, Marketing Campaigns, Search Engine Optimization, Email Marketing,Content Creation, Ad Placement, AI Marketing,Digital Marketing with AI, how AI being used in digital marketing, Is AI the future of Digital marketing, What is the benefits of AI in Digital Marketing, AI role in Digital Marketing, AI vs Ethics","463","","0","Indexable",""
"https://trainingdm2023.blogspot.com/2023/07/ai-driven-seo-strategies-boosting.html","1","Artificial Intelligence, Machine Learning, Data Analytics, Personalization, Targeting, Optimization, Automation, Chatbots, Social Media, Customer Behavior, Marketing Campaigns, Search Engine Optimization, Email Marketing,Content Creation, Ad Placement, AI Marketing,Digital Marketing with AI, how AI being used in digital marketing, Is AI the future of Digital marketing, What is the benefits of AI in Digital Marketing, AI role in Digital Marketing, AI vs Ethics","463","","0","Indexable",""
"https://trainingdm2023.blogspot.com/2023/07/conclusion-for-my-blog.html","1","Artificial Intelligence, Machine Learning, Data Analytics, Personalization, Targeting, Optimization, Automation, Chatbots, Social Media, Customer Behavior, Marketing Campaigns, Search Engine Optimization, Email Marketing,Content Creation, Ad Placement, AI Marketing,Digital Marketing with AI, how AI being used in digital marketing, Is AI the future of Digital marketing, What is the benefits of AI in Digital Marketing, AI role in Digital Marketing, AI vs Ethics","463","","0","Indexable",""
"https://trainingdm2023.blogspot.com/2023/07/chatgpt-role-in-digital-marketing.html","1","Artificial Intelligence, Machine Learning, Data Analytics, Personalization, Targeting, Optimization, Automation, Chatbots, Social Media, Customer Behavior, Marketing Campaigns, Search Engine Optimization, Email Marketing,Content Creation, Ad Placement, AI Marketing,Digital Marketing with AI, how AI being used in digital marketing, Is AI the future of Digital marketing, What is the benefits of AI in Digital Marketing, AI role in Digital Marketing, AI vs Ethics","463","","0","Indexable",""
"https://trainingdm2023.blogspot.com/2023/07/augmented-reality-ar-and-virtual.html","1","Artificial Intelligence, Machine Learning, Data Analytics, Personalization, Targeting, Optimization, Automation, Chatbots, Social Media, Customer Behavior, Marketing Campaigns, Search Engine Optimization, Email Marketing,Content Creation, Ad Placement, AI Marketing,Digital Marketing with AI, how AI being used in digital marketing, Is AI the future of Digital marketing, What is the benefits of AI in Digital Marketing, AI role in Digital Marketing, AI vs Ethics","463","","0","Indexable",""
"https://trainingdm2023.blogspot.com/2023/07/digital-marketing-platform-role-with-ai.html","1","Artificial Intelligence, Machine Learning, Data Analytics, Personalization, Targeting, Optimization, Automation, Chatbots, Social Media, Customer Behavior, Marketing Campaigns, Search Engine Optimization, Email Marketing,Content Creation, Ad Placement, AI Marketing,Digital Marketing with AI, how AI being used in digital marketing, Is AI the future of Digital marketing, What is the benefits of AI in Digital Marketing, AI role in Digital Marketing, AI vs Ethics","463","","0","Indexable",""
"https://trainingdm2023.blogspot.com/2023/05/","1","Artificial Intelligence, Machine Learning, Data Analytics, Personalization, Targeting, Optimization, Automation, Chatbots, Social Media, Customer Behavior, Marketing Campaigns, Search Engine Optimization, Email Marketing,Content Creation, Ad Placement, AI Marketing,Digital Marketing with AI, how AI being used in digital marketing, Is AI the future of Digital marketing, What is the benefits of AI in Digital Marketing, AI role in Digital Marketing, AI vs Ethics","463","","0","Indexable",""
"https://trainingdm2023.blogspot.com/2023/07/","1","Artificial Intelligence, Machine Learning, Data Analytics, Personalization, Targeting, Optimization, Automation, Chatbots, Social Media, Customer Behavior, Marketing Campaigns, Search Engine Optimization, Email Marketing,Content Creation, Ad Placement, AI Marketing,Digital Marketing with AI, how AI being used in digital marketing, Is AI the future of Digital marketing, What is the benefits of AI in Digital Marketing, AI role in Digital Marketing, AI vs Ethics","463","","0","Indexable",""
"https://trainingdm2023.blogspot.com/2023/04/chatbot-in-digital-marketing.html","1","Artificial Intelligence, Machine Learning, Data Analytics, Personalization, Targeting, Optimization, Automation, Chatbots, Social Media, Customer Behavior, Marketing Campaigns, Search Engine Optimization, Email Marketing,Content Creation, Ad Placement, AI Marketing,Digital Marketing with AI, how AI being used in digital marketing, Is AI the future of Digital marketing, What is the benefits of AI in Digital Marketing, AI role in Digital Marketing, AI vs Ethics","463","","0","Indexable",""
"https://trainingdm2023.blogspot.com/2023/04/ai-in-digital-marketing.html","1","Artificial Intelligence, Machine Learning, Data Analytics, Personalization, Targeting, Optimization, Automation, Chatbots, Social Media, Customer Behavior, Marketing Campaigns, Search Engine Optimization, Email Marketing,Content Creation, Ad Placement, AI Marketing,Digital Marketing with AI, how AI being used in digital marketing, Is AI the future of Digital marketing, What is the benefits of AI in Digital Marketing, AI role in Digital Marketing, AI vs Ethics","463","","0","Indexable",""
"https://trainingdm2023.blogspot.com/2023/05/the-pros-and-cons-of-ai-in-digital.html","1","Artificial Intelligence, Machine Learning, Data Analytics, Personalization, Targeting, Optimization, Automation, Chatbots, Social Media, Customer Behavior, Marketing Campaigns, Search Engine Optimization, Email Marketing,Content Creation, Ad Placement, AI Marketing,Digital Marketing with AI, how AI being used in digital marketing, Is AI the future of Digital marketing, What is the benefits of AI in Digital Marketing, AI role in Digital Marketing, AI vs Ethics","463","","0","Indexable",""
"https://trainingdm2023.blogspot.com/2023/05/influencer-marketing-with-ai.html","1","Artificial Intelligence, Machine Learning, Data Analytics, Personalization, Targeting, Optimization, Automation, Chatbots, Social Media, Customer Behavior, Marketing Campaigns, Search Engine Optimization, Email Marketing,Content Creation, Ad Placement, AI Marketing,Digital Marketing with AI, how AI being used in digital marketing, Is AI the future of Digital marketing, What is the benefits of AI in Digital Marketing, AI role in Digital Marketing, AI vs Ethics","463","","0","Indexable",""
"https://trainingdm2023.blogspot.com/2023/07/ai-powered-audience-targeting.html","1","Artificial Intelligence, Machine Learning, Data Analytics, Personalization, Targeting, Optimization, Automation, Chatbots, Social Media, Customer Behavior, Marketing Campaigns, Search Engine Optimization, Email Marketing,Content Creation, Ad Placement, AI Marketing,Digital Marketing with AI, how AI being used in digital marketing, Is AI the future of Digital marketing, What is the benefits of AI in Digital Marketing, AI role in Digital Marketing, AI vs Ethics","463","","0","Indexable",""
"https://trainingdm2023.blogspot.com/2023/05/ai-and-ethics.html","1","Artificial Intelligence, Machine Learning, Data Analytics, Personalization, Targeting, Optimization, Automation, Chatbots, Social Media, Customer Behavior, Marketing Campaigns, Search Engine Optimization, Email Marketing,Content Creation, Ad Placement, AI Marketing,Digital Marketing with AI, how AI being used in digital marketing, Is AI the future of Digital marketing, What is the benefits of AI in Digital Marketing, AI role in Digital Marketing, AI vs Ethics","463","","0","Indexable",""
"https://trainingdm2023.blogspot.com/2023/06/ai-powered-seo-search-engine.html","1","Artificial Intelligence, Machine Learning, Data Analytics, Personalization, Targeting, Optimization, Automation, Chatbots, Social Media, Customer Behavior, Marketing Campaigns, Search Engine Optimization, Email Marketing,Content Creation, Ad Placement, AI Marketing,Digital Marketing with AI, how AI being used in digital marketing, Is AI the future of Digital marketing, What is the benefits of AI in Digital Marketing, AI role in Digital Marketing, AI vs Ethics","463","","0","Indexable",""
"https://trainingdm2023.blogspot.com/2023/06/how-automated-email-with-ai-boosts.html","1","Artificial Intelligence, Machine Learning, Data Analytics, Personalization, Targeting, Optimization, Automation, Chatbots, Social Media, Customer Behavior, Marketing Campaigns, Search Engine Optimization, Email Marketing,Content Creation, Ad Placement, AI Marketing,Digital Marketing with AI, how AI being used in digital marketing, Is AI the future of Digital marketing, What is the benefits of AI in Digital Marketing, AI role in Digital Marketing, AI vs Ethics","463","","0","Indexable",""
"https://trainingdm2023.blogspot.com/2023/06/the-transformative-impact-of-ai-on.html","1","Artificial Intelligence, Machine Learning, Data Analytics, Personalization, Targeting, Optimization, Automation, Chatbots, Social Media, Customer Behavior, Marketing Campaigns, Search Engine Optimization, Email Marketing,Content Creation, Ad Placement, AI Marketing,Digital Marketing with AI, how AI being used in digital marketing, Is AI the future of Digital marketing, What is the benefits of AI in Digital Marketing, AI role in Digital Marketing, AI vs Ethics","463","","0","Indexable",""
"https://trainingdm2023.blogspot.com/2023/04/ai-in-content-creation.html","1","Artificial Intelligence, Machine Learning, Data Analytics, Personalization, Targeting, Optimization, Automation, Chatbots, Social Media, Customer Behavior, Marketing Campaigns, Search Engine Optimization, Email Marketing,Content Creation, Ad Placement, AI Marketing,Digital Marketing with AI, how AI being used in digital marketing, Is AI the future of Digital marketing, What is the benefits of AI in Digital Marketing, AI role in Digital Marketing, AI vs Ethics","463","","0","Indexable",""
"https://trainingdm2023.blogspot.com/2023/07/google-ads-role-in-digital-marketing.html","1","Artificial Intelligence, Machine Learning, Data Analytics, Personalization, Targeting, Optimization, Automation, Chatbots, Social Media, Customer Behavior, Marketing Campaigns, Search Engine Optimization, Email Marketing,Content Creation, Ad Placement, AI Marketing,Digital Marketing with AI, how AI being used in digital marketing, Is AI the future of Digital marketing, What is the benefits of AI in Digital Marketing, AI role in Digital Marketing, AI vs Ethics","463","","0","Indexable",""
"https://trainingdm2023.blogspot.com/2023/07/metaverse-role-in-digital-marketing.html","1","Artificial Intelligence, Machine Learning, Data Analytics, Personalization, Targeting, Optimization, Automation, Chatbots, Social Media, Customer Behavior, Marketing Campaigns, Search Engine Optimization, Email Marketing,Content Creation, Ad Placement, AI Marketing,Digital Marketing with AI, how AI being used in digital marketing, Is AI the future of Digital marketing, What is the benefits of AI in Digital Marketing, AI role in Digital Marketing, AI vs Ethics","463","","0","Indexable",""
"https://trainingdm2023.blogspot.com/2023/07/the-importance-of-personalization-in.html","1","Artificial Intelligence, Machine Learning, Data Analytics, Personalization, Targeting, Optimization, Automation, Chatbots, Social Media, Customer Behavior, Marketing Campaigns, Search Engine Optimization, Email Marketing,Content Creation, Ad Placement, AI Marketing,Digital Marketing with AI, how AI being used in digital marketing, Is AI the future of Digital marketing, What is the benefits of AI in Digital Marketing, AI role in Digital Marketing, AI vs Ethics","463","","0","Indexable",""
